id,title,authors,contributors,subjectsCNPQ,subjectsPOR,institutions,programs,types,accesslevel,publicationDates,urls,formats,languages
UFER_71e53fb4d66326db8ff4cf37c82f01b8,Aplicação de Learning Analytics para avaliação do desempenho de tutores a distância,"primary[Souza, Rafael Castro de(NA)]","advisor[Mendes Neto, Francisco Milton(NA)]|coadvisor[Santos, Araken de Medeiros(http://lattes.cnpq.br/8059198436766378)]|referee[Nascimento, Rogério Patrício Chagas do(http://lattes.cnpq.br/1429326310775024)|Silva, Patrício de Alencar(http://lattes.cnpq.br/1271566719998197)]",CNPQ::CIENCIAS EXATAS E DA TERRA,Learning Analytics|Avaliação de tutores|Indicadores de desempenho comportamental na educação|Tutors rating|Behavioral performance indicators in education,UFERSA,Pós-graduação em Ciência da Computação,masterThesis,openAccess,2016,http://repositorio.ufersa.edu.br/handle/tede/648,masterThesis,por
UFER_0587771ee1f8f762ebb41c939337e959,Aplicação de Learning Analytics para avaliação do desempenho de tutores a distância,"primary[Souza, Rafael Castro de(NA)]","advisor[Mendes Neto, Francisco Milton(NA)]|coadvisor[Santos, Araken de Medeiros(http://lattes.cnpq.br/8059198436766378)]|referee[Nascimento, Rogério Patrício Chagas do(http://lattes.cnpq.br/1429326310775024)|Silva, Patrício de Alencar(http://lattes.cnpq.br/1271566719998197)]",CNPQ::CIENCIAS EXATAS E DA TERRA::CIENCIA DA COMPUTACAO,Learning Analytics|Avaliação de tutores|Indicadores de desempenho comportamental na educação|Tutors rating|Behavioral performance indicators in education,UFERSA,Programa de Pós-Graduação em Ciência da Computação,masterThesis,openAccess,2016,https://repositorio.ufersa.edu.br/handle/tede/648,masterThesis,por
P_RS_d0ee53ab4c4765edc4cac86aea0e5add,Framework para constru??o de objetos de aprendizagem com learning analytics,"primary[Guterres, Jo?o Pedro Dewes(NA)]",,,Learning Analytics|Framework|Learning Objects|Objetos de Aprendizagem|CIENCIA DA COMPUTACAO::TEORIA DA COMPUTACAO,PUC_RS,,doctoralThesis,openAccess,2021,http://tede2.pucrs.br/tede2/handle/tede/9645,doctoralThesis,por
UFRN_7ad4c9e1adf47b84df404364ea511476,Orientação acadêmica apoiada por learning analytics e visualização de dados,"primary[Rocha Neto, Tobias Ferreira da(NA)]","advisor[Nunes, Isabel Dillmann(NA)]|coadvisor[Lucena, Márcia Jacyntha Nunes Rodrigues(NA)]",CNPQ::CIENCIAS HUMANAS::EDUCACAO,Orientação acadêmica|Acompanhamento discente|Análise de dados|Learning analytics|UFRN,UFRN,PROGRAMA DE PÓS-GRADUAÇÃO EM INOVAÇÃO EM TECNOLOGIAS EDUCACIONAIS,masterThesis,openAccess,2019,https://repositorio.ufrn.br/jspui/handle/123456789/28591,masterThesis,por
UFC-7_da7f5bb977f24189fac7cf9083c580a3,Exploring learning analytics approaches to minimize undergraduate evasion,"primary[Barbosa, Artur Mesquita(NA)]",,,Learning analytics|College evasion|Machine learning|Data visualization,UFC,,masterThesis,openAccess,2017,http://www.repositorio.ufc.br/handle/riufc/29771,masterThesis,eng
UFPB-2_20064777dc2deb586be151623950fb4a,Aplicação de Learning Analytics para Modelagem do Aluno de acordo com a Taxonomia de Bloom Revisada,"primary[Carneiro, Janalívia do Nascimento(http://lattes.cnpq.br/6037037013550877)]","advisor[Siebra , Clauirton de A.(http://lattes.cnpq.br/7707799028683443)]|coadvisor[Silva , Danielle Rousy Dias da(http://lattes.cnpq.br/4603035287575568)]",CNPQ::CIENCIAS EXATAS E DA TERRA::CIENCIA DA COMPUTACAO,Educação Adaptativa|Sistemas de Aprendizagem Adaptativos|Modelos do Aluno|Learning Analytics|Taxonomia de Bloom Revisada|Adaptive Education|Adaptive Learning Systems|Student Models|Revised Bloom Taxonomy|Educação a distância - Ambientes virtuais de aprendizagem|Educação adaptativa|Taxonomia de bloom revisada,UFPB,Programa de Pós-Graduação em Informática,masterThesis,openAccess,2018,https://repositorio.ufpb.br/jspui/handle/123456789/14483,masterThesis,por
UFAL_06f2fb27ab3e5ece490bb4de8e062d43,Learning analytics como apoio na avaliação diagnóstica dos docentes no ambiente virtual de aprendizagem,"primary[Dias Júnior, Maurício Vieira(NA)]",,,Learning analytics|Ambiente virtual de aprendizagem|Ensino pela internet|Avaliação diagnóstica|Tecnologia da informação e da comunicação|Virtual Learning Environments|Internet teaching|Diagnostic Evaluation|Information and Communication Technologies|Online Education|CNPQ::CIENCIAS HUMANAS::EDUCACAO,UFAL,,doctoralThesis,openAccess,2019,http://www.repositorio.ufal.br/handle/riufal/5547,doctoralThesis,por
USP_6aa9553db60afc71237b45c181c8600b,Contribuições para aplicação de learning analytics no apoio à avaliação em atividades de introdução à programação com Scratch.,primary[Adelmo Antonio da Silva Eloy(NA)],advisor[Roseli de Deus Lopes(NA)]|referee[Paulo Blikstein(NA)],,,USP,Engenharia Elétrica,masterThesis,openAccess,2019,https://doi.org/10.11606/D.3.2019.tde-24072020-102229,masterThesis,por
UFVJM-2_8836a493213e66b3cae7225d9436f5d4,Learning Analytics aplicado ao curso online da L?ngua Brasileira de Sinais,"primary[Perini, Carlos Ant?nio de Souza(NA)]","advisor[Pitangui, Cristiano Grij?(NA)]",,,UFVJM,,masterThesis,openAccess,2019,http://acervo.ufvjm.edu.br/jspui/handle/1/2367,masterThesis,por
UNB_28fffcf14546e5863f8a244a7354d605,A interferência da learning analytics na avaliação de impacto e desempenho de bibliotecas universitárias,"primary[Lago, Gessyca da Silva(NA)]","advisor[Duque, Cláudio Gottschalg(NA)]",,,UNB,,masterThesis,openAccess,2020,https://repositorio.unb.br/handle/10482/38868,masterThesis,por
USIN_d70cf1377ef2b108951105d98390bedd,GVwise: uma aplicação de learning analytics para a redução da evasão na educação à distância,"primary[Cambruzzi, Wagner Luiz(NA)]","advisor[Rigo, Sandro José(NA)]|coadvisor[Barbosa, Jorge Luis Victória(http://lattes.cnpq.br/6754464380129137)]",ACCNPQ::Ciências Exatas e da Terra::Ciência da Computação,Educação - processamento de dados|Mineração de dados (computação)|Ensino à distância,UNISINOS,Programa de Pós-Graduação em Computação Aplicada,masterThesis,openAccess,2014,http://www.repositorio.jesuita.org.br/handle/UNISINOS/4646,masterThesis,por
UFPB_f10d923adf5bbf5d5f8cfe11341f5c62,Aplicação de Learning Analytics para Modelagem do Aluno de acordo com a Taxonomia de Bloom Revisada,"primary[Carneiro, Janalívia do Nascimento(NA)]",,,Educação Adaptativa|Sistemas de Aprendizagem Adaptativos|Modelos do Aluno|Learning Analytics|Taxonomia de Bloom Revisada|Adaptive Education|Adaptive Learning Systems|Student Models|Revised Bloom Taxonomy|Educação a distância - Ambientes virtuais de aprendizagem|Educação adaptativa|Taxonomia de bloom revisada|CNPQ::CIENCIAS EXATAS E DA TERRA::CIENCIA DA COMPUTACAO,UFPB,,masterThesis,openAccess,2018,https://repositorio.ufpb.br/jspui/handle/123456789/14483,masterThesis,por
URPE_6d648a89500e8386b5bd76071a653d2e,Uma abordagem com learning analytics e séries temporais na análise de dados educacionais,"primary[BRANDÃO, José Orlando da Silva(http://lattes.cnpq.br/6972446801808900)]","advisor[SILVA, Adenilton José da(NA)]|coadvisor[GOUVEIA, Roberta Macêdo Marques(NA)]|referee[SILVA, Adenilton José da(NA)|SOARES, Rodrigo Gabriel Ferreira(NA)|RODRIGUES, Rodrigo Lins(NA)]",CIENCIAS EXATAS E DA TERRA::CIENCIA DA COMPUTACAO,Série temporal|Learning analytics|Análise de dados|Educação a distância|Padrão comportamental|Estudante,UFRPE,Programa de Pós-Graduação em Informática Aplicada,masterThesis,openAccess,2018,http://www.tede2.ufrpe.br:8080/tede2/handle/tede2/7853,masterThesis,por
URPE_230842982c9db78c951811a075973056,Uma abordagem para extração automática de learning analytics relacionadas à colaboração em fóruns educacionais,"primary[FERREIRA, Máverick André Dionísio(http://lattes.cnpq.br/5284345925713990)]","advisor[MELLO, Rafael Ferreira Leite de(NA)]|referee[MELLO, Rafael Ferreira Leite de(NA)|LINS, Rafael Dueire(NA)|RODRIGUES, Rodrigo Lins(NA)]",CIENCIAS EXATAS E DA TERRA::CIENCIA DA COMPUTACAO,Fóruns de discussão|Learning analytics|Mineração de texto|Computação evolucionária,UFRPE,Programa de Pós-Graduação em Informática Aplicada,masterThesis,openAccess,2018,http://www.tede2.ufrpe.br:8080/tede2/handle/tede2/7864,masterThesis,por
UFES_ee294634b4802f440e841b162057d051,AVALIAÇÃO DAS APRENDIZAGENS EM JOGOS DIGITAIS BASEADA EM LEARNING ANALYTICS SOBRE DADOS MULTIMODAIS,"primary[PEREIRA JUNIOR, H. A.(NA)]","advisor[DE SOUZA, A. F.(NA)]|coadvisor[Menezes, C. S.(NA)]",,,UFES,Programa de Pós-Graduação em Informática,doctoralThesis,openAccess,2018,http://repositorio.ufes.br/handle/10/10730,doctoralThesis,
UFBC_fa276140545f81b797d1304ae43a2991,Acompanhamento da aprendizagem pelo estudante por meio de Learning Analytics Dashboards no Ambiente Virtual Moodle,"primary[Santos, José Roberto dos(NA)]",,,LEARNING ANALYTICS|LEARNING ANALYTICS DASHBOARDS|ACOMPANHAMENTO DA APRENDIZAGEM|AUTORREGULAÇÃO DA APRENDIZAGEM|LEARNING MONITORING|SELF-REGULATED LEARNING|PROGRAMA DE PÓS-GRADUAÇÃO EM CIÊNCIA DA COMPUTAÇÃO - UFABC,UFABC,,masterThesis,openAccess,2020,http://biblioteca.ufabc.edu.br/index.php?codigo_sophia=122064,masterThesis,por
UFSC_33e0f8564847ececbb6b671be487bc08,Análise do nível de maturidade na adoção de learning analytics em instituições de ensino superior do Brasil,"primary[Scheneider, Thais Fernanda(NA)]","advisor[Cechinel, Cristian(NA)]|coadvisor[Mello, Rafael Ferreira Leite de(NA)]",,,UFSC,,masterThesis,openAccess,2022,https://repositorio.ufsc.br/handle/123456789/237776,masterThesis,por
UFSC_56fb2e6c899897e07cfc33bbcf065431,Um modelo de perfil de aluno voltado a aplicações de técnicas de learning analytics,"primary[Nunes, Ronnie Carlos Tavares(NA)]","advisor[Gonçalves, Alexandre Leopoldo(NA)]|coadvisor[Souza, João Artur de(NA)]",,,UFSC,,masterThesis,openAccess,2019,https://repositorio.ufsc.br/handle/123456789/215381,masterThesis,por
UFPE_2ec93e6e048b6f7dd365739b4e6e5f0e,Uma abordagem de Learning Analytics para a autorregulação da aprendizagem de estudantes em sala de aula invertida,"primary[SILVA, João Carlos Sedraz(NA)]","advisor[SOUZA, Fernando da Fonseca de(NA)]",,Sistemas de Informação|Engenharia de Software,UFPE,Programa de Pos Graduacao em Ciencia da Computacao,doctoralThesis,openAccess,2018,https://repositorio.ufpe.br/handle/123456789/29849,doctoralThesis,por
UFRN_6b295e845c4d28f6b9ab729d15096c9c,Learning analytics e avaliações online: uma metodologia orientada a ciência de dados em grafos,"primary[Melo, Elvis Medeiros de(NA)]","advisor[Silva, Ivanovitch Medeiros Dantas da(NA)]",CNPQ::ENGENHARIAS::ENGENHARIA ELETRICA,Learning analytics|Ciência de dados em grafos|Grafos|Avaliação online|Machine learning|eXplainable artificial intelligence,UFRN,PROGRAMA DE PÓS-GRADUAÇÃO EM ENGENHARIA ELÉTRICA E DE COMPUTAÇÃO,doctoralThesis,openAccess,2023,https://repositorio.ufrn.br/handle/123456789/51948,doctoralThesis,por
UFRN_0045f6199045d8543a828ee00c6fdc8e,Magister - Metodologia de análise de programas de educação à distância baseada em Learning Analytics,"primary[Lacerda, Ivan Max Freire de(NA)]","advisor[Valentim, Ricardo Alexsandro de Medeiros(NA)]",CNPQ::ENGENHARIAS::ENGENHARIA ELETRICA,Aprendizagem autorregulada|Ensino a distância|Ambiente virtual de aprendizagem|Mineração de dados educacionais|Learning analytics,UFRN,PROGRAMA DE PÓS-GRADUAÇÃO EM ENGENHARIA ELÉTRICA E DE COMPUTAÇÃO,doctoralThesis,openAccess,2018,https://repositorio.ufrn.br/jspui/handle/123456789/25609,doctoralThesis,por
UFAM_dd7fbc548cd90a1e9eedd414a0eea62b,Uso de Learning Analytics sobre dados de question??rios para apoio ?? avalia????o da aprendizagem por professores e gestores,"primary[Portela, Adelson Menezes(http://lattes.cnpq.br/2534892668468874)]","advisor[Oliveira, Elaine Harada Teixeira de(http://lattes.cnpq.br/6553721651836761)]|referee[Oliveira, David Braga Fernandes de(http://lattes.cnpq.br/9561812825173697)|Primo, Thiago Thompsen(http://lattes.cnpq.br/5641514282351546)]",CI??NCIAS EXATAS E DA TERRA,Ensino e aprendizagem|Ambientes virtuais de ensino|An??lise de aprendizagem|Plataforma virtual de educa????o|Plataforma SIGNAL,UFAM,Programa de P??s-gradua????o em Inform??tica,masterThesis,openAccess,2021,https://tede.ufam.edu.br/handle/tede/8214,masterThesis,por
UPM_66572b184ae244d39147b53fb56f1302,O papel das representações vetoriais de palavras na pontuação automática de ensaios: uma abordagem baseada em deep learning no contexto de learning analytics,"primary[Coelho, Orlando Bisacchi(http://lattes.cnpq.br/7904738562111617)]","advisor[Silveira, Ismar Frango da(http://lattes.cnpq.br/3894359521286830)]|referee[Peres, Sarajane Marques(NA)|Ochoa, Xavier(NA)|Basile, Antonio Luiz(NA)|Lopes, Fábio Silva(NA)]",CNPQ::ENGENHARIAS::ENGENHARIA ELETRICA,analítica de aprendizagem.|mineração de dados educacionais|deep learning|representação vetorial contínua de palavras|pontuação automática de ensaios.,MACKENZIE,Engenharia Elétrica,doctoralThesis,openAccess,2019,http://dspace.mackenzie.br/handle/10899/24299,doctoralThesis,por
USIN_ca0c388315a174e83d3efa6ffbe89c61,Estratégias para minimizar a evasão e potencializar a permanência em EAD a partir de sistema que utiliza mineração de dados educacionais e learning analytics,"primary[Portal, Cleber(NA)]","advisor[Schlemmer, Eliane(NA)]",ACCNPQ::Ciências Humanas::Educação,Evasão|Permanência|Estratégia|Educação a distância|Learning analytics|Mineração de dados,UNISINOS,Programa de Pós-Graduação em Educação,masterThesis,openAccess,2016,http://www.repositorio.jesuita.org.br/handle/UNISINOS/5409,masterThesis,por
URPE_6526c26489373d2ea29ee654d0e52b55,Identificação das habilidades de pensamento computacional diante dos estados emocionais sob a abordagem de multimodal learning analytics,"primary[GUSMÃO, Anderson Silva(http://lattes.cnpq.br/1358390018671110)]","advisor[RODRIGUES, Rodrigo Lins(NA)]|coadvisor[FRANÇA, Rozelma Soares de(NA)]|referee[MATOS, Ecivaldo de Souza(NA)|LEITE, Bruno Silva(NA)]",CIENCIAS HUMANAS::EDUCACAO,Pensamento computacional|Multimodal learning analytics|Análise de aprendizado|Educação na computação,UFRPE,Programa de Pós-Graduação em Ensino das Ciências,masterThesis,openAccess,2022,http://www.tede2.ufrpe.br:8080/tede2/handle/tede2/8661,masterThesis,por
UFSC_3e8b406ad1aa8a00d73e486b1ba47164,Utilização de técnicas de learning analytics para classificação e detecção de erros experimentais no laboratório remoto VISIR,"primary[Costa, Heverton Marcos(NA)]","advisor[Alves, João Bosco da Mota(NA)]|coadvisor[Silva, Juarez Bento da(NA)]",,,UFSC,,masterThesis,openAccess,2022,https://repositorio.ufsc.br/handle/123456789/235583,masterThesis,por
UFCG_3aa172ebef87e7080823f1545ababeac,"Rede de atividades de alto nível aplicada à edição, atualização e acompanhamento de design instrucional com suporte a learning analytics.","primary[NUNES, Isabel Dillmann.(http://lattes.cnpq.br/2087785677186785)]","advisor[SCHIEL, Ulrich.(http://lattes.cnpq.br/2971250918247087)]|referee[COSTA, Evandro.(NA)|FIGUEIREDO , Jorge Cesar Abrantes de.(NA)|MEDINA, Roseclea Duarte.(NA)|DORÇA, Fabiano Azevedo.(NA)]",,Desing Instrucional|Rede de Atividades de Alto Nível|Redes de Petri|Learning Analytics|Simulador de Estudantes|Instructional Design|High Level Activity Net|Petri Nets|Students Simulator,UFCG,PÓS-GRADUAÇÃO EM CIÊNCIA DA COMPUTAÇÃO,doctoralThesis,openAccess,2014,http://dspace.sti.ufcg.edu.br:8080/jspui/handle/riufcg/4877,doctoralThesis,por
UFPL_6710950aaca3f103352185947403ac8c,Aplicação de técnicas de mineração de dados e Learning Analytics para predição de evasão de alunos nos cursos de Ciência da Computação e Engenharias da UFPel,"primary[Costa, Alexandre Gomes da(NA)]","advisor[Mattos, Júlio Carlos Balzano de(NA)]|coadvisor[Primo, Tiago Thompsen( http://lattes.cnpq.br/5641514282351546)]",CNPQ::CIENCIAS EXATAS E DA TERRA::CIENCIA DA COMPUTACAO::METODOLOGIA E TECNICAS DA COMPUTACAO,Computação|Mineração de dados educacionais|Learning analytics|Técnicas de predição|Descoberta de conhecimento em base de dados|Educational data mining|Prediction techniques|Knowledge-discovery in databases,UFPEL,Programa de Pós-Graduação em Computação,masterThesis,openAccess,2021,http://guaiaca.ufpel.edu.br/handle/prefix/7716,masterThesis,por
UFPB-2_cc0ef9c6aefbccb18af5d970cd80ca57,Modelo de diagnóstico de dificuldades de aprendizagem orientado a conceitos,"primary[Oliveira, Estêvão Domingos Soares de(http://lattes.cnpq.br/7776114639857111)]","advisor[Cabral, Lucídio dos Anjos Formiga(http://lattes.cnpq.br/6699185881827288)]",CIENCIAS EXATAS E DA TERRA::CIENCIA DA COMPUTACAO,Learning Analytics|Avaliação da Aprendizagem|Conceitos|Moodle,UFPB,Programa de Pós-Graduação em Informática,masterThesis,openAccess,2016,https://repositorio.ufpb.br/jspui/handle/tede/9253,masterThesis,por
USIN_931daa9f867af60c279a5b96137b3871,Uma proposta de representação linguístico-computacional da negação com vistas à análise de sentimentos em contexto de ensino e aprendizagem on-line,"primary[Belau, Francini Scipioni(NA)]","advisor[Alves, Isa Mara da Rosa(NA)]|coadvisor[Rigo, Sandro José(http://lattes.cnpq.br/3914159735707328)]","ACCNPQ::Lingüística, Letras e Artes::Lingüística",Educação a distância|Learning analytics|Análise de sentimento|Negação,UNISINOS,Programa de Pós-Graduação em Linguística Aplicada,masterThesis,openAccess,2017,http://www.repositorio.jesuita.org.br/handle/UNISINOS/6090,masterThesis,por
UFPB_37b4730e98535805f85390dfde2187ba,Modelo de diagnóstico de dificuldades de aprendizagem orientado a conceitos,"primary[Oliveira, Estêvão Domingos Soares de(NA)]",,,Learning Analytics|Avaliação da Aprendizagem|Conceitos|Moodle|Evaluation of Learning|Concepts; Moodle|CIENCIAS EXATAS E DA TERRA::CIENCIA DA COMPUTACAO,UFPB,,masterThesis,openAccess,2016,https://repositorio.ufpb.br/jspui/handle/tede/9253,masterThesis,por
UFPB-2_f04907400c277bba7e9f5e511191b6d0,Um plugin do tipo report para a identificação do risco de evasão na educação superior a distância que usa técnicas de visualização de dados,"primary[Brito, Maria Tatiane de Souza(http://lattes.cnpq.br/0032666976228641)]","advisor[Bezerra, Ed Porto(http://lattes.cnpq.br/0098763826166873)]",CNPQ::CIENCIAS EXATAS E DA TERRA::CIENCIA DA COMPUTACAO,Evasão|Moodle|Learning Analytics|Visualização de dados|Indicadores|Dropout|Data Visualization|Indicators|Programa de computador - Módulo|Moodle - Plugin|Learning analytics|Ambiente virtual de aprendizagem - Análise de dados,UFPB,Programa de Pós-Graduação em Informática,masterThesis,openAccess,2019,https://repositorio.ufpb.br/jspui/handle/123456789/15990,masterThesis,por
UFPB_2a357d6e736b184039f4500e19815edf,Um plugin do tipo report para a identificação do risco de evasão na educação superior a distância que usa técnicas de visualização de dados,"primary[Brito, Maria Tatiane de Souza(NA)]",,,Evasão|Moodle|Learning Analytics|Visualização de dados|Indicadores|Dropout|Data Visualization|Indicators|Programa de computador - Módulo|Moodle - Plugin|Learning analytics|Ambiente virtual de aprendizagem - Análise de dados|CNPQ::CIENCIAS EXATAS E DA TERRA::CIENCIA DA COMPUTACAO,UFPB,,masterThesis,openAccess,2019,https://repositorio.ufpb.br/jspui/handle/123456789/15990,masterThesis,por
UFPE_2d4d56a0d0fdd8f2a99cc7189195b102,MOOColab : um framework de colaboração personalizado em Massive Open Online Courses,"primary[HOLANDA, Ana Carla Arruda de(NA)]","advisor[TEDESCO, Patricia Cabral de Azevedo Restelli(NA)]",,Inteligência computacional|Ambientes Massivos|Learning Analytics|Sistema de Recomendação,UFPE,Programa de Pos Graduacao em Ciencia da Computacao,doctoralThesis,openAccess,2020,https://repositorio.ufpe.br/handle/123456789/38101,doctoralThesis,por
UFRN_fcbc871bc522cb971a25a10b7d5b4465,Um processo analítico de dados educacionais: uma abordagem baseada nos dados socioeconômicos e educacionais dos alunos,"primary[Brasil, Pedrina Célia(NA)]","advisor[Nunes, Isabel Dillmann(NA)]",CNPQ::CIENCIAS HUMANAS::EDUCACAO,Learning analytics|Ambientes virtuais de aprendizagem|IFRN,UFRN,PROGRAMA DE PÓS-GRADUAÇÃO EM INOVAÇÃO EM TECNOLOGIAS EDUCACIONAIS,masterThesis,openAccess,2019,https://repositorio.ufrn.br/jspui/handle/123456789/28336,masterThesis,por
SCAR_8590f7bb398c69b7971ba51ec9073b57,Definição e avaliação de um modelo genérico para coleta de dados e geração de representações visuais de interações de aprendizagem em jogos educacionais,"primary[Cardoso, Frederico Corrêa(NA)]","advisor[Otsuka, Joice Lee(http://lattes.cnpq.br/8235968002513082)]",CIENCIAS EXATAS E DA TERRA::CIENCIA DA COMPUTACAO,Analítica de Aprendizagem em Jogos|Analítica de aprendizagem|Jogos educacionais|Visualização da informação,UFSCAR,Programa de Pós-Graduação em Ciência da Computação - PPGCC,masterThesis,openAccess,2019,https://repositorio.ufscar.br/handle/ufscar/12278,masterThesis,por
UFG_70149d0c64a737c057e8b77be490ece7,Predição da evasão acadêmica aplicando análise temporal,"primary[Vieira, Raphael dos Santos Guedes(NA)]",,,Predição da evasão acadêmica|Divisão temporal|Mineração de dados educacionais|Temporal learning analytics|Academic dropout prediction|Temporal split|Educational data mining|CIENCIAS EXATAS E DA TERRA::CIENCIA DA COMPUTACAO,UFG,,masterThesis,openAccess,2021,http://repositorio.bc.ufg.br/tede/handle/tede/11793,masterThesis,por
UFAM_c4c65ea546a057b8db663bc691c75408,VLA Dashboard: um mecanismo para visualiza????o do desempenho dos estudantes de matem??tica no ensino m??dio,"primary[Silva, Euler Vieira da(http://lattes.cnpq.br/6098109839713147)]","advisor[Magalh??es Netto, Jos?? Francisco de(http://lattes.cnpq.br/3958238119785924)]",CI??NCIAS EXATAS E DA TERRA: CI??NCIA DA COMPUTA????O,Learning Analytics|Dashboard|Sistemas Multiagente,UFAM,Programa de P??s-gradua????o em Inform??tica,masterThesis,openAccess,2017,http://tede.ufam.edu.br/handle/tede/5959,masterThesis,por
UFAM_f70e4eaeb8bce22932897daf29e56ff6,Uso de um m??todo preditivo para inferir a zona de aprendizagem de alunos de programa????o em um ambiente de corre????o autom??tica de c??digo,"primary[Pereira, Filipe Dwan(http://lattes.cnpq.br/1043535741108408)]","advisor[Oliveira, Elaine Harada Teixeira de(http://lattes.cnpq.br/6553721651836761)]|coadvisor[Oliveira, David Braga Fernandes de(NA)]|referee[Cristo, Marco Antonio Pinheiro de(NA)|Isotani, Seiji(NA)]",CI??NCIAS EXATAS E DA TERRA: CI??NCIA DA COMPUTA????O,Alunos de programa????o|Aaprendizagem de m??quina|Data-driven - M??tricas de software|Ju??zes online,UFAM,Programa de P??s-gradua????o em Inform??tica,masterThesis,openAccess,2018,https://tede.ufam.edu.br/handle/tede/6425,masterThesis,por
UFMA_6ac0af40bbdbbf3112d6367cbf2ee4cb,Uso dos painéis de controle pelos tutores para análise do aprendizado dos alunos de EaD,"primary[RABELO, Aldrea Malheiros Oliveira(http://lattes.cnpq.br/3484579911246092)]","advisor[SOARES NETO, Carlos de Salles(http://lattes.cnpq.br/1512846862093142)]|referee[SOARES NETO, Carlos de Salles(http://lattes.cnpq.br/1512846862093142)|VALE, Samyr Béliche(http://lattes.cnpq.br/1531971102610447)|GUEDES, Álan Livio Vasconcelos(http://lattes.cnpq.br/1481576313942910)]",Teoria da Computação|Tópicos Específicos de Educação,Painel de controle|Análise de aprendizado|Design participativo|Dashboard|Learning analytics|Participatory design,UFMA,PROGRAMA DE PÓS-GRADUAÇÃO EM CIÊNCIA DA COMPUTAÇÃO/CCET,masterThesis,openAccess,2019,https://tedebc.ufma.br/jspui/handle/tede/tede/2835,masterThesis,por
URGS_1084f0154dd5fd471eea7db453e62a18,Modelo de analítica acadêmica focado em instituições comunitárias de ensino superior,"primary[Paz, Fábio Josende(NA)]","advisor[Cazella, Silvio Cesar(NA)]",,Computador na educação|Ensino a distância,UFRGS,,doctoralThesis,openAccess,2021,http://hdl.handle.net/10183/235200,doctoralThesis,por
UFCG_d5c390de187524283a39e00051c4369c,Visualização de dados como suporte ao design instrucional.,"primary[MENEZES, Douglas Afonso Tenório de.(http://lattes.cnpq.br/1636071356840776)]","advisor[SCHIEL, Ulrich.(http://lattes.cnpq.br/2971250918247087)]",Ciências|Ciência da Computação,Ciência da Computação|Design Instrucional|Learning Analytics|Visualização de Dados|Data Visualization|Instructional Design,UFCG,PÓS-GRADUAÇÃO EM CIÊNCIA DA COMPUTAÇÃO,doctoralThesis,openAccess,2017,http://dspace.sti.ufcg.edu.br:8080/jspui/handle/riufcg/571,doctoralThesis,por
UFRN_10e5deb2bf294f824a2ee2b708e96728,Aprendizagem baseada em projetos e metodologia ágil: uma aplicação prática na residência em tecnologia da informação na Justiça Federal no RN,"primary[Montalvão Júnior, David(NA)]","advisor[Nunes, Isabel Dillmann(NA)]",CNPQ::CIENCIAS HUMANAS::EDUCACAO,Aprendizagem baseada em projetos|Metodologia ágil|Learning analytics,UFRN,PROGRAMA DE PÓS-GRADUAÇÃO EM INOVAÇÃO EM TECNOLOGIAS EDUCACIONAIS,masterThesis,openAccess,2019,https://repositorio.ufrn.br/jspui/handle/123456789/28589,masterThesis,por
USIN_e6f995b1e8a7f978be29e9032bcd3630,Md-pread: um modelo para predição de reprovação de aprendizes na educação a distância usando árvore de decisão,"primary[Ferreira, João Luiz Cavalcante(NA)]","advisor[Barbosa, Jorge Luis Victoria(NA)]|coadvisor[Rigo, Sandro José(http://lattes.cnpq.br/3914159735707328)]",ACCNPQ::Ciências Exatas e da Terra::Ciência da Computação,EaD|Predição|Árvore de decisão,UNISINOS,Programa de Pós-Graduação em Computação Aplicada,masterThesis,openAccess,2016,http://www.repositorio.jesuita.org.br/handle/UNISINOS/5181,masterThesis,por
UFSM-20_4ac1c5e923123a4d17204a7dc48a1de9,Monitoramento da interação e colaboração no ambiente Moodle: um estudo de caso,"primary[Mônego, Leomar Cassol(http://lattes.cnpq.br/1452731100190266)]","advisor[Schaf, Frederico Menine(http://lattes.cnpq.br/2227324756659206)]|coadvisor[Martins, Márcio André Rodrigues(NA)]|referee[Bernardi, Giliane(NA)|Hartmann, Angela Maria(NA)]",CNPQ::CIENCIAS HUMANAS::EDUCACAO,Aprendizagem colaborativa|AVA (Ambientes Virtuais de Aprendizagem),UFSM,Programa de Pós-Graduação em Tecnologias Educacionais em Rede,masterThesis,openAccess,2019,http://repositorio.ufsm.br/handle/1/20812,masterThesis,por
UFCG_19926efaa6ca612a5e74fe9cccc7fd1e,Previsão automática de evasão estudantil: um estudo de caso na UFCG.,"primary[MELO, Allan Sales da Costa.(http://lattes.cnpq.br/1991085128490889)]","advisor[MARINHO, Leandro Balby.(http://lattes.cnpq.br/3728312501032061)|FARIAS, Adalberto Cajueiro de.(http://lattes.cnpq.br/9462873740250320)]",Ciências|Ciência da Computação,Evasão Estudantil|Probabilidade de Evasão - Estudantes - Universidades|Learning Analytics|Educational Data Mining|Dissertação - Ciência da Computação,UFCG,PÓS-GRADUAÇÃO EM CIÊNCIA DA COMPUTAÇÃO,masterThesis,openAccess,2016,http://dspace.sti.ufcg.edu.br:8080/jspui/handle/riufcg/800,masterThesis,por
UFU_29fc9452a0a80de18085ba7b9a072877,Tamanho ótimo amostral e análise fatorial e correlacional do desempenho de indivíduos sob a influência de plataformas computacionais de apoio ao ensino,"primary[Ribeiro, Taffarel Brant(http://lattes.cnpq.br/3937061909158236)]","advisor[Cattelan, Renan Gonçalves(http://lattes.cnpq.br/3722586963728305)]|referee[Pinto, Sérgio Crespo Coelho da Silva(http://lattes.cnpq.br/6515044727348778)|Rodrigues, Rodrigo Lins(http://lattes.cnpq.br/5512849006877767)|Dorça, Fabiano Azevedo(http://lattes.cnpq.br/3944579737930998)|Fernandes, Márcia Aparecida(http://lattes.cnpq.br/8946715881289701)]",CNPQ::CIENCIAS EXATAS E DA TERRA::CIENCIA DA COMPUTACAO,Tamanho ótimo de amostra|Optimal sample size|Análise de variância fatorial|Factorial analysis of variance|Correlação de Spearman|Spearman's Rank Correlation|Learning analytics|Computação|Ensino auxiliado por computador|Tecnologia educacional,UFU,Programa de Pós-graduação em Ciência da Computação,doctoralThesis,openAccess,2018,https://repositorio.ufu.br/handle/123456789/24190|http://dx.doi.org/10.14393/ufu.te.2019.310,doctoralThesis,por
PUC_RIO-1_cacec72b2a562f3d09d563ae840dbdfa,APOIANDO INSTRUTORES NA ANÁLISE DE LOGS DOS ESTUDANTES DE AMBIENTES VIRTUAIS DE APRENDIZAGEM,primary[ANDRE LUIZ DE BRANDAO DAMASCENO(NA)],advisor[SIMONE DINIZ JUNQUEIRA BARBOSA(lattes.cnpq.br/9222024053983021)]|referee[HELIO CORTES VIEIRA LOPES(NA)|ALBERTO BARBOSA RAPOSO(NA)|MILENE SELBACH SILVEIRA(NA)|SIMONE DINIZ JUNQUEIRA BARBOSA(NA)|CARLOS DE SALLES SOARES NETO(NA)],,,PUC_RIO,PPG EM INFORMÁTICA,doctoralThesis,openAccess,2020,https://www.maxwell.vrac.puc-rio.br/colecao.php?strSecao=resultado&nrSeq=50335@1|https://www.maxwell.vrac.puc-rio.br/colecao.php?strSecao=resultado&nrSeq=50335@2,doctoralThesis,eng
USP_d46aec6a1783f89c7712e84886d0f0cf,Definição de um modelo de referência de dados educacionais para a descoberta de conhecimento,primary[Vanessa Araujo Borges(NA)],advisor[Ellen Francine Barbosa(NA)]|referee[José Carlos Maldonado(NA)|Joice Lee Otsuka(NA)|Edson Pinheiro Pimentel(NA)|Sean Wolfgand Matsui Siqueira(NA)],,,USP,Ciências da Computação e Matemática Computacional,doctoralThesis,openAccess,2017,https://doi.org/10.11606/T.55.2018.tde-09112018-103702,doctoralThesis,por
UPM_119d9404573bb43bc9a4211b0b797a06,Framework baseado em ciência de dados e engenharia de software para analisar a evolução de habilidades e competências do pensamento computacional,"primary[Souza, Alexandra Aparecida de(http://lattes.cnpq.br/1119774618311172)]","advisor[Silva, Leandro Augusto da(http://lattes.cnpq.br/1396385111251741)]|referee[Omar, Nizam(NA)|Fo, Arnaldo Ride Aguiar Vallim(NA)|Pinheiro, Edson Pimentel(NA)|Ramos, Jorge Luís Cavalcanti(NA)]",CNPQ::ENGENHARIAS::ENGENHARIA ELETRICA,analítica da aprendizagem|mapas auto-organizáveis|mineração de dados educacionais|pensamento computacional,MACKENZIE,Engenharia Elétrica,doctoralThesis,openAccess,2019,http://dspace.mackenzie.br/handle/10899/26510,doctoralThesis,por
UPM_6b67da13ce16025a4934604dbaf595ca,Aplicação da arquitetura lambda na construção de um ambiente big data educacional para análise de dados,"primary[Mendes, Renê de Ávila(http://lattes.cnpq.br/5057588426925464)]","advisor[Silva, Leandro Augusto da(http://lattes.cnpq.br/1396385111251741)]|referee[Lopes, Fábio Silva(http://lattes.cnpq.br/2302666201616083)|Pimentel, Edson Pinheiro(http://lattes.cnpq.br/6163089025212520)]",CNPQ::ENGENHARIAS,big data|educational data mining|arquitetura lambda|moodle,MACKENZIE,Engenharia Elétrica,masterThesis,openAccess,2017,http://dspace.mackenzie.br/handle/10899/24467,masterThesis,por
UFBC_e60b54c0dce57d1ae413c0a8b2ce93cc,FAG - Ferramenta de apoio à gestão no ambiente virtual de aprendizagem Moodle utilizando técnicas de Business Intelligence,"primary[Zapparolli, Luciana Silva(NA)]",,,GESTOR DE ENSINO A DISTÂNCIA|AMBIENTES VIRTUAIS DE APRENDIZAGEM|MONITORAMENTO EM AMBIENTES VIRTUAIS DE APRENDIZAGEM|MANAGER FOR DISTANCE LEARNING|VIRTUAL LEARNING ENVIRONMENTS|MONITORING IN VIRTUAL LEARNING ENVIRONMENTS|PROGRAMA DE PÓS-GRADUAÇÃO EM CIÊNCIA DA COMPUTAÇÃO - UFABC,UFABC,,masterThesis,openAccess,2016,http://biblioteca.ufabc.edu.br/index.php?codigo_sophia=103626,masterThesis,por
P_RS_b2c1c0a88059b61e53f2ecafb7c2938a,Aprendizagem adaptativa por meio da experi?ncia de aprendizagem mediada,"primary[Santos, Elis?ngela Ribas dos(NA)]",,,Personaliza??o do Ensino e da Aprendizagem|Aprendizagem Adaptativa|Experi?ncia de Aprendizagem Mediada|MOOC - Massive Open Online Course|CIENCIAS HUMANAS::EDUCACAO,PUC_RS,,doctoralThesis,openAccess,2019,http://tede2.pucrs.br/tede2/handle/tede/8858,doctoralThesis,por
USP_1c6e4cd108d080b74dc791302d372937,Avaliação de um curso a distância para cirurgiões-dentistas em atenção à saúde de pacientes com doenças crônicas não transmissíveis: estudo longitudinal prospectivo,primary[Deise Garrido Silva(NA)],advisor[Ana Estela Haddad(NA)]|referee[Marcelo Jose Strazzeri Bonecker(NA)|Paula Carolei(NA)|Maria Cristina Manzanares Cespedes(NA)],,,USP,Ciências Odontológicas,doctoralThesis,openAccess,2019,https://doi.org/10.11606/T.23.2019.tde-30072020-095740,doctoralThesis,por
UFSC_9d4516c70053f00a7b5cd764cf235489,Boas práticas no uso de ambientes virtuais de ensino e de aprendizagem para mediação da estruturação de trabalhos acadêmicos,"primary[Pereira, Natana Lopes(NA)]","advisor[Spanhol, Fernando José(NA)]|coadvisor[Lunardi, Giovani Mendonça(NA)]",,,UFSC,,masterThesis,openAccess,2019,https://repositorio.ufsc.br/handle/123456789/214867,masterThesis,por
UFSC_1af0685a7e220354ba68b090a24d72ae,Framework conceitual para análise de big data educacional em MOOCs,"primary[Biagiotti, Breno de Almeida(NA)]","advisor[Baldessar, Maria José(NA)]|coadvisor[Fialho, Francisco Antonio Pereira(NA)]",,,UFSC,,doctoralThesis,openAccess,2021,https://repositorio.ufsc.br/handle/123456789/231107,doctoralThesis,por
UFRN_dd6d291cd2d0fae52dd2363810222f02,MONITUM: um sistema proativo para monitoramento e avaliação das atividades de tutoria a distância em AVAs,"primary[Fontes, Laysa Mabel de Oliveira(NA)]","advisor[Valentim, Ricardo Alexsandro de Medeiros(NA)]",CNPQ::ENGENHARIAS::ENGENHARIA ELETRICA E DE COMPUTAÇÃO,Educação a distância|Análise da aprendizagem|Ontologia|Tutoria,UFRN,PROGRAMA DE PÓS-GRADUAÇÃO EM ENGENHARIA ELÉTRICA E DE COMPUTAÇÃO,doctoralThesis,openAccess,2017,https://repositorio.ufrn.br/jspui/handle/123456789/23310,doctoralThesis,por
UNB_40bbbd437aaec3a62abfaf1e209a5b28,O que aprendemos em silêncio : aprendizagem informal e ecossistemas de aprendizagem,"primary[Kawagoe, Akemi Leandra(NA)]","advisor[Silva, Tiago Barros Ponte e(NA)]",,,UNB,,masterThesis,openAccess,2019,https://repositorio.unb.br/handle/10482/38196,masterThesis,por
UFSC_99d0cca47a98b948354971233e17f135,Aplicação de analítica visual da aprendizagem em um ambiente virtual interativo para o ensino de anatomia humana,"primary[Moreira, Guilherme Jantsch(NA)]","advisor[Lemos, Robson Rodrigues(NA)]|coadvisor[Cechinel, Cristian(NA)]",,,UFSC,,masterThesis,openAccess,2021,https://repositorio.ufsc.br/handle/123456789/229842,masterThesis,por
UFAM_1de2ba2cfaf26474fbea10fba832bbab,Arcabou??o conceitual de adapta????o de recursos educacionais,"primary[Frota, Vitor Bremgartner da(http://lattes.cnpq.br/6100146230873494)]","advisor[Magalh??es Netto, Jos?? Francisco de(http://lattes.cnpq.br/3958238119785924)]|coadvisor[Menezes, Credin?? Silva de(http://lattes.cnpq.br/5454484334693909)]|referee[Castro Junior, Alberto Nogueira de(NA)|Pio, Jos?? Luiz de Souza(NA)|Tavares, Orivaldo de Lira(NA)|Cavalcanti, Jo??o Marcos Bastos(NA)]",CI??NCIAS EXATAS E DA TERRA: CI??NCIA DA COMPUTA????O,Ambientes Virtuais de Aprendizagem|Adapta????o de recursos|Agentes de software|Modelo aberto de aluno,UFAM,Programa de P??s-gradua????o em Inform??tica,doctoralThesis,openAccess,2017,http://tede.ufam.edu.br/handle/tede/6216,doctoralThesis,por
UFCG_414c2b10209afb2d47fc0a538166ddbb,Uma arquitetura para tomada de decisão pedagógica com dados integrados.,"primary[SOUZA, Társis Marinho de.(http://lattes.cnpq.br/9808563385937929)]","advisor[COSTA, Evandro de Barros.(http://lattes.cnpq.br/5760364940162939)]|referee[BAPTISTA , Cláudio de Souza.(NA)|FIDALGO , Robson do Nascimento.(NA)|BRITO, Patrick Henrique da Silva.(NA)|MONTEIRO, João Arthur Brunet.(NA)]",Ciência da Computação,Arquitetura de Software|Arquitetura de Software - Tomada de Decisão Pedagógica|Tomada de Decisão – Dados Integrados|Software Architecture|Software Architecture - Pedagogical Decision Making|Decision Making - Integrated Data,UFCG,PÓS-GRADUAÇÃO EM CIÊNCIA DA COMPUTAÇÃO,doctoralThesis,openAccess,2017,http://dspace.sti.ufcg.edu.br:8080/jspui/handle/riufcg/7393,doctoralThesis,por
METO_5939c43167584b3e224e0a476aae1aeb,A IMPORTÂNCIA DAS TICS E DA EDUCAÇÃO COMO PROCESSO COMUNICACIONAL DIALÓGICO NO ENSINO SUPERIOR: Um Estudo da Universidade Estadual de Mato Grosso do Sul,"primary[REIS, ANA TEREZA VENDRAMINI(http://lattes.cnpq.br/8938902413357835)]","advisor[Josgrilberg, Fabio Botelho(NA)]|referee[Gonçalves , Elizabeth Moraes(NA)|Bahia , Norines Panicacci(NA)|Citelli , Adilson(NA)|Goulart, Elias(NA)]",CIENCIAS SOCIAIS APLICADAS::COMUNICACAO,Educomunicação; Tecnologias da Informação e comunicação; Processo comunicacional dialógico; Ensino Superior; UEMS  ,METODISTA,Comunicacao Social,doctoralThesis,openAccess,2016,http://tede.metodista.br/jspui/handle/tede/1465,doctoralThesis,por
CUB_e9e2d8220dae265336cbe16e2e45cff7,"Produção, aplicação e análise de um curso conectivista para a aprendizagem de astronomia observacional","primary[Moraes, Leandro Donizete(NA)]",,,Aprendizagem de astronomia|Conectivismo|cMOOC|CNPQ::CIENCIAS HUMANAS::EDUCACAO::ENSINO-APRENDIZAGEM::METODOS E TECNICAS DE ENSINO,CUB,,doctoralThesis,openAccess,2021,https://repositorio.cruzeirodosul.edu.br/handle/123456789/3067,doctoralThesis,por
UNICSUL-1_e9e2d8220dae265336cbe16e2e45cff7,"Produção, aplicação e análise de um curso conectivista para a aprendizagem de astronomia observacional","primary[Moraes, Leandro Donizete(http://lattes.cnpq.br/8426108721110760)]","advisor[Silveira, Ismar Frango(http://lattes.cnpq.br/3894359521286830)]|referee[Silveira, Ismar Frango(http://lattes.cnpq.br/3894359521286830)|Bezerra, Luís Naito Mendes(http://lattes.cnpq.br/2561707241770340)|Voelzke, Marcos Rincon(http://lattes.cnpq.br/0353944603330456)|Albrecht, Evonir(http://lattes.cnpq.br/6069287623413362)|Motz, Regina(NA)]",CNPQ::CIENCIAS HUMANAS::EDUCACAO::ENSINO-APRENDIZAGEM::METODOS E TECNICAS DE ENSINO,Aprendizagem de astronomia|Conectivismo|cMOOC,UNICSUL,Programa de Pós graduação em Ensino de Ciências e Matemática,doctoralThesis,openAccess,2021,https://repositorio.cruzeirodosul.edu.br/handle/123456789/3067,doctoralThesis,por
FGV_2a9c7ab8e9199b86ad0b483d9072cbb8,"Análise preditiva na detecção de evasão de alunos no ensino superior privado brasileiro: abordagem de algoritmos de aprendizado de máquina, com base nas perspectivas acadêmicas, financeiras, geográficas e socioeconômicas","primary[Vescovi, Paulo Victor da Silva(NA)]","advisor[Francisco, Eduardo de Rezende(NA)]",,Gestão educacional|Evasão|Modelos preditivos,FGV,,masterThesis,openAccess,2020,https://hdl.handle.net/10438/28907,masterThesis,por
UFRRJ-1_143fb8e05fe6a9399e9c21681d591c2a,Difus?o da informa??o para promo??o do consumo alimentar consciente no site do programa de extens?o universit?ria: ?Fortalecimento da Agricultura Familiar na Baixada Fluminense e Centro Sul do Estado do Rio de Janeiro?,"primary[Rosa, Natasha dos Santos(http://lattes.cnpq.br/2303531580563077)]","advisor[Fonseca, Maria Fernanda de Albuquerque Costa(http://lattes.cnpq.br/8030501267055583)]|coadvisor[Dias, Anelise(NA)]|referee[Fonseca, Maria Fernanda de Albuquerque Costa(NA)|Silva, Thadia Turon Costa da(NA)|Figueiredo, Cecilia Moreyra de(NA)]",Agronomia,Consumo pol?tico|Agroecologia|Ativismo Alimentar,UFRRJ,Programa de P?s-Gradua??o em Agricultura Org?nica,masterThesis,openAccess,2020,https://tede.ufrrj.br/jspui/handle/jspui/6312,masterThesis,por